Source,Label,Target,Code,Group
LIM HEE LIAT,131 MARSILING FOOD HOUSE PTE. LTD.,,200817769R,A
LIM HEE LIAT,147 SERANGOON FOOD HOUSE PTE. LTD.,200817769R,200607484W,A
LIM HEE LIAT,233 YISHUN KOPI POINT PTE. LTD.,200817769R,201605761R,A
LIM HEE LIAT,280 BISHAN FOOD HOUSE PTE. LTD.,200817769R,200702012K,A
LIM HEE LIAT,303 JURONG FOOD HOUSE PTE. LTD.,200817769R,200902437R,A
LIM HEE LIAT,555 AMK FOOD HOUSE PTE. LTD.,200817769R,200611456C,A
LIM HEE LIAT,881 HOUGANG FOOD HOUSE PTE. LTD.,200817769R,200611948D,A
LIM HEE LIAT,AMK 108 FOOD HOUSE PTE. LTD.,200817769R,201529681E,B
LIM HEE LIAT,AMK 339 FOOD HOUSE PTE. LTD.,200817769R,200918871R,B
LIM HEE LIAT,BN123 FOOD HOUSE PTE. LTD.,200817769R,201219700W,B
LIM HEE LIAT,BOON LAY 221 FOOD HOUSE PTE. LTD.,200817769R,200817276D,B
LIM HEE LIAT,BUKIT BATOK 150 FOOD HOUSE PTE. LTD.,200817769R,201223442G,B
BUSY BEES HOLDINGS PTE. LTD.,BUSY BEES ASIA PTE. LTD.,201605761R,201432726W,B
JOHN BRIAN WOODWARD,BUSY BEES ASIA PTE. LTD.,200918871R,201432726W,C
JUMMAIDA BINTI RUSDON,BUSY BEES ASIA PTE. LTD.,201219700W,201432726W,C
NORSILAH BINTE BAHTIAR,BUSY BEES ASIA PTE. LTD.,200702012K,201432726W,C
TWENTYSIXMORONT CORP. ,BUSY BEES ASIA PTE. LTD.,200611456C,201432726W,C
LIM HEE LIAT,CAUSEWAY FOOD HOUSE PTE. LTD.,201529681E,200601864M,C
Bikram,,,Bikradddmkawan,C